{
	"parent": "block/block",
	"ambientocclusion": false,
	"textures": {
		"particle": "block/birch_fence_gate",
		"1_texture": "block/birch_fence_gate"
	},
	"elements": [
		{
			"from": [0, 1, 6.75],
			"to": [2, 14, 9.25],
			"faces": {
				"north": {"uv": [14, 2, 16, 15], "texture": "#1_texture"},
				"east": {"uv": [14, 2, 16, 15], "texture": "#1_texture"},
				"south": {"uv": [0, 2, 2, 15], "texture": "#1_texture"},
				"west": {"uv": [14, 2, 16, 15], "texture": "#1_texture"},
				"up": {"uv": [14, 2, 16, 4], "texture": "#1_texture"},
				"down": {"uv": [14, 13, 16, 15], "rotation": 180, "texture": "#1_texture"}
			}
		},
		{
			"from": [0, 1, 10],
			"to": [2, 15, 12],
			"faces": {
				"north": {"uv": [11, 1, 13, 15], "texture": "#1_texture"},
				"east": {"uv": [11, 1, 13, 15], "texture": "#1_texture"},
				"south": {"uv": [11, 1, 13, 15], "texture": "#1_texture"},
				"west": {"uv": [3, 1, 5, 15], "texture": "#1_texture"},
				"up": {"uv": [11, 1, 13, 3], "rotation": 90, "texture": "#1_texture"},
				"down": {"uv": [11, 13, 13, 15], "rotation": 90, "texture": "#1_texture"}
			}
		},
		{
			"from": [0, 1, 14],
			"to": [2, 16, 15],
			"faces": {
				"north": {"uv": [7, 0, 9, 15], "texture": "#1_texture"},
				"east": {"uv": [8, 0, 9, 15], "texture": "#1_texture"},
				"south": {"uv": [7, 0, 9, 15], "texture": "#1_texture"},
				"west": {"uv": [7, 0, 8, 15], "texture": "#1_texture"},
				"up": {"uv": [8, 0, 9, 2], "rotation": 90, "texture": "#1_texture"},
				"down": {"uv": [8, 13, 9, 15], "rotation": 90, "texture": "#1_texture"}
			}
		},
		{
			"from": [0.25, 2, 9],
			"to": [1.75, 4, 15],
			"faces": {
				"east": {"uv": [8, 11, 14, 13], "texture": "#1_texture"},
				"west": {"uv": [2, 11, 8, 13], "texture": "#1_texture"},
				"up": {"uv": [8, 11, 14, 13], "rotation": 90, "texture": "#1_texture"},
				"down": {"uv": [2, 11, 8, 13], "rotation": 270, "texture": "#1_texture"}
			}
		},
		{
			"from": [0.25, 11, 9],
			"to": [1.75, 13, 15],
			"faces": {
				"east": {"uv": [8, 3, 14, 5], "texture": "#1_texture"},
				"west": {"uv": [2, 3, 8, 5], "texture": "#1_texture"},
				"up": {"uv": [8, 3, 14, 5], "rotation": 90, "texture": "#1_texture"},
				"down": {"uv": [2, 3, 8, 5], "rotation": 270, "texture": "#1_texture"}
			}
		},
		{
			"from": [14, 1, 6.75],
			"to": [16, 14, 9.25],
			"faces": {
				"north": {"uv": [0, 2, 2, 15], "texture": "#1_texture"},
				"east": {"uv": [14, 2, 16, 15], "texture": "#1_texture"},
				"south": {"uv": [14, 2, 16, 15], "texture": "#1_texture"},
				"west": {"uv": [14, 2, 16, 15], "texture": "#1_texture"},
				"up": {"uv": [14, 2, 16, 4], "rotation": 180, "texture": "#1_texture"},
				"down": {"uv": [14, 13, 16, 15], "texture": "#1_texture"}
			}
		},
		{
			"from": [14, 1, 10],
			"to": [16, 15, 12],
			"faces": {
				"north": {"uv": [11, 1, 13, 15], "texture": "#1_texture"},
				"east": {"uv": [11, 1, 13, 15], "texture": "#1_texture"},
				"south": {"uv": [11, 1, 13, 15], "texture": "#1_texture"},
				"west": {"uv": [3, 1, 5, 15], "texture": "#1_texture"},
				"up": {"uv": [11, 1, 13, 3], "rotation": 90, "texture": "#1_texture"},
				"down": {"uv": [11, 13, 13, 15], "rotation": 90, "texture": "#1_texture"}
			}
		},
		{
			"from": [14, 1, 14],
			"to": [16, 16, 15],
			"faces": {
				"north": {"uv": [7, 0, 9, 15], "texture": "#1_texture"},
				"east": {"uv": [8, 0, 9, 15], "texture": "#1_texture"},
				"south": {"uv": [7, 0, 9, 15], "texture": "#1_texture"},
				"west": {"uv": [7, 0, 8, 15], "texture": "#1_texture"},
				"up": {"uv": [8, 0, 9, 2], "rotation": 90, "texture": "#1_texture"},
				"down": {"uv": [8, 13, 9, 15], "rotation": 90, "texture": "#1_texture"}
			}
		},
		{
			"from": [14.25, 2, 9],
			"to": [15.75, 4, 15],
			"faces": {
				"east": {"uv": [8, 11, 14, 13], "texture": "#1_texture"},
				"west": {"uv": [2, 11, 8, 13], "texture": "#1_texture"},
				"up": {"uv": [8, 11, 14, 13], "rotation": 90, "texture": "#1_texture"},
				"down": {"uv": [2, 11, 8, 13], "rotation": 270, "texture": "#1_texture"}
			}
		},
		{
			"from": [14.25, 11, 9],
			"to": [15.75, 13, 15],
			"faces": {
				"east": {"uv": [8, 3, 14, 5], "texture": "#1_texture"},
				"west": {"uv": [2, 3, 8, 5], "texture": "#1_texture"},
				"up": {"uv": [8, 3, 14, 5], "rotation": 90, "texture": "#1_texture"},
				"down": {"uv": [2, 3, 8, 5], "rotation": 270, "texture": "#1_texture"}
			}
		}
	]
}