{
	"ambientocclusion": false,
	"textures": {
		"3": "block/cactus_parts",
		"bottom": "block/cactus_bottom",
		"top": "block/cactus_top",
		"particle": "block/cactus_side",
		"side": "block/cactus_side"
	},
	"elements": [
		{
			"from": [0, 0, 0],
			"to": [16, 16, 16],
			"faces": {
				"up": {"uv": [0, 0, 16, 16], "texture": "#top", "cullface": "up"},
				"down": {"uv": [0, 0, 16, 16], "texture": "#bottom", "cullface": "down"}
			}
		},
		{
			"from": [0, 0, 1],
			"to": [16, 16, 15],
			"faces": {
				"north": {"uv": [0, 0, 16, 16], "texture": "#side"},
				"south": {"uv": [0, 0, 16, 16], "texture": "#side"}
			}
		},
		{
			"from": [1, 0, 0],
			"to": [15, 16, 16],
			"faces": {
				"east": {"uv": [0, 0, 16, 16], "texture": "#side"},
				"west": {"uv": [0, 0, 16, 16], "texture": "#side"}
			}
		},
		{
			"from": [5, 5, 15],
			"to": [11, 11, 21],
			"faces": {
				"east": {"uv": [9.5, 13, 12.5, 16], "rotation": 180, "texture": "#3"},
				"south": {"uv": [9.5, 0, 12.5, 3], "texture": "#3"},
				"west": {"uv": [12.5, 13, 9.5, 16], "rotation": 180, "texture": "#3"},
				"up": {"uv": [9.5, 13, 12.5, 16], "rotation": 90, "texture": "#3"},
				"down": {"uv": [9.5, 13, 12.5, 16], "rotation": 270, "texture": "#3"}
			}
		}
	]
}