{
    "parent": "block/calibrated_sculk_sensor",
    "textures": {
        "amethyst": "block/calibrated_sculk_sensor_amethyst_active",
        "bottom": "block/calibrated_sculk_sensor_bottom_active",
        "side": "block/calibrated_sculk_sensor_output_side_active",
        "calibrated_side": "block/calibrated_sculk_sensor_input_side",
        "tendrils": "block/sculk_sensor_tendril_active",
        "top": "block/calibrated_sculk_sensor_top",
        "particle": "block/sculk_particle"
    }
}
