{
	"credit": "Made with Blockbench, by SoulRacer65",
	"texture_size": [32, 32],
	"textures": {
		"1": "enigmaticlegacy:items/3d/the_infinitum_3d_eye_0",
		"2": "enigmaticlegacy:items/3d/the_infinitum_3d"
	},
	"elements": [
		{
			"from": [6.5, 1, 3],
			"to": [9.5, 15, 13],
			"rotation": {"angle": 0, "axis": "y", "origin": [8, 8, 8]},
			"faces": {
				"north": {"uv": [0, 9.5, 7, 11], "rotation": 270, "texture": "#2"},
				"south": {"uv": [0, 9.5, 7, 11], "rotation": 90, "texture": "#2"},
				"up": {"uv": [0, 8, 5, 9.5], "rotation": 90, "texture": "#2"},
				"down": {"uv": [0, 8, 5.5, 9.5], "rotation": 90, "texture": "#2"}
			}
		},
		{
			"from": [9.5, 0, 2.5],
			"to": [10.5, 16, 13.5],
			"rotation": {"angle": 0, "axis": "y", "origin": [8, 8, 8]},
			"faces": {
				"north": {"uv": [5, 0, 5.5, 8], "texture": "#2"},
				"east": {"uv": [5.5, 8, 0, 0], "rotation": 180, "texture": "#2"},
				"south": {"uv": [0.5, 8, 0, 0], "rotation": 180, "texture": "#2"},
				"west": {"uv": [5.5, 0, 0, 8], "texture": "#2"},
				"up": {"uv": [5.5, 0, 0, 0.5], "rotation": 90, "texture": "#2"},
				"down": {"uv": [0, 7.5, 5.5, 8], "rotation": 90, "texture": "#2"}
			}
		},
		{
			"from": [10, 5, 6.5],
			"to": [11, 11, 9.5],
			"rotation": {"angle": 0, "axis": "y", "origin": [8, 8, 8]},
			"faces": {
				"north": {"uv": [6, 12, 4, 0], "rotation": 180, "texture": "#1"},
				"east": {"uv": [6, 12, 0, 0], "rotation": 180, "texture": "#1"},
				"south": {"uv": [2, 12, 0, 0], "rotation": 180, "texture": "#1"},
				"west": {"uv": [6, 12, 0, 0], "rotation": 180, "texture": "#1"},
				"up": {"uv": [0, 0, 6, 2], "rotation": 270, "texture": "#1"},
				"down": {"uv": [0, 10, 6, 12], "rotation": 90, "texture": "#1"}
			}
		},
		{
			"from": [5.5, 0, 2.5],
			"to": [6.5, 16, 13.5],
			"rotation": {"angle": 0, "axis": "y", "origin": [8, 8, 8]},
			"faces": {
				"north": {"uv": [5.5, 8, 6, 0], "rotation": 180, "texture": "#2"},
				"east": {"uv": [5.5, 8, 11, 0], "rotation": 180, "texture": "#2"},
				"south": {"uv": [10.5, 0, 11, 8], "texture": "#2"},
				"west": {"uv": [5.5, 0, 11, 8], "texture": "#2"},
				"up": {"uv": [5.5, 0, 11, 0.5], "rotation": 90, "texture": "#2"},
				"down": {"uv": [5.5, 7.5, 11, 8], "rotation": 90, "texture": "#2"}
			}
		},
		{
			"from": [6.5, 0, 12.5],
			"to": [9.5, 16, 13.5],
			"rotation": {"angle": 0, "axis": "y", "origin": [8, 8, 8]},
			"faces": {
				"north": {"uv": [12.5, 0, 11, 8], "texture": "#2"},
				"east": {"uv": [0, 0, 0, 8], "rotation": 180, "texture": "#2"},
				"south": {"uv": [11, 0, 12.5, 8], "texture": "#2"},
				"west": {"uv": [0, 0, 0, 8], "texture": "#2"},
				"up": {"uv": [11, 0, 12.5, 0.5], "rotation": 180, "texture": "#2"},
				"down": {"uv": [11, 7.5, 12.5, 8], "texture": "#2"}
			}
		}
	],
	"display": {
		"thirdperson_righthand": {
			"rotation": [10, 180, 0],
			"translation": [0, -0.5, 0],
			"scale": [0.7, 0.7, 0.7]
		},
		"thirdperson_lefthand": {
			"rotation": [10, 0, 0],
			"translation": [0, -0.5, 0],
			"scale": [0.7, 0.7, 0.7]
		},
		"firstperson_righthand": {
			"rotation": [-20, -160, 0],
			"translation": [0, 2.75, 0],
			"scale": [0.6, 0.6, 0.6]
		},
		"firstperson_lefthand": {
			"rotation": [-20, 20, 0],
			"translation": [0, 2.75, 0],
			"scale": [0.6, 0.6, 0.6]
		},
		"head": {
			"rotation": [90, 90, 0],
			"translation": [0, 9.25, 0]
		},
		"fixed": {
			"rotation": [0, 90, 0],
			"translation": [0, 0, -4],
			"scale": [1.55, 1.55, 1.55]
		}
	}
}